{
	"credit": "Made with Blockbench",
	"textures": {
		"0": "block/bunnyears",
		"particle": "block/catearsorange"
	},
	"elements": [
		{
			"from": [8.25, -1, 7],
			"to": [11.25, 6, 8],
			"rotation": {"angle": -22.5, "axis": "z", "origin": [16, 0, 0]},
			"faces": {
				"north": {"uv": [0, 0, 3, 7], "texture": "#0"},
				"east": {"uv": [3, 7, 4, 14], "texture": "#0"},
				"south": {"uv": [3, 0, 6, 7], "texture": "#0"},
				"west": {"uv": [4, 7, 5, 14], "texture": "#0"},
				"up": {"uv": [10, 8, 7, 7], "texture": "#0"},
				"down": {"uv": [10, 8, 7, 9], "texture": "#0"}
			}
		},
		{
			"from": [4.75, -1, 7],
			"to": [7.75, 6, 8],
			"rotation": {"angle": 22.5, "axis": "z", "origin": [0, 0, 0]},
			"faces": {
				"north": {"uv": [6, 0, 9, 7], "texture": "#0"},
				"east": {"uv": [5, 7, 6, 14], "texture": "#0"},
				"south": {"uv": [0, 7, 3, 14], "texture": "#0"},
				"west": {"uv": [6, 7, 7, 14], "texture": "#0"},
				"up": {"uv": [12, 1, 9, 0], "texture": "#0"},
				"down": {"uv": [12, 1, 9, 2], "texture": "#0"}
			}
		}
	],
	"display": {
		"thirdperson_righthand": {
			"translation": [0, 5, 2]
		},
		"thirdperson_lefthand": {
			"translation": [0, 5, 2]
		},
		"ground": {
			"rotation": [-93, 180, 0],
			"translation": [0, -4, -5.5]
		},
		"gui": {
			"rotation": [-7, 58, 18],
			"translation": [-0.25, 5.25, 0],
			"scale": [1.5, 1.5, 1.52]
		},
		"head": {
			"translation": [0, 15.25, 0],
			"scale": [1.6, 1.6, 1.6]
		},
		"fixed": {
			"translation": [0, 5.5, 0],
			"scale": [2, 2, 2]
		}
	},
	"groups": [
		{
			"name": "all",
			"origin": [16, 0, 0],
			"color": 0,
			"children": [0, 1]
		}
	]
}