{
	"credit": "Made with Blockbench",
	"textures": {
		"1": "block/catearsblack",
		"particle": "block/catearsorange"
	},
	"elements": [
		{
			"from": [9, 6.5, 2.9],
			"to": [10, 9.5, 5],
			"rotation": {"angle": -45, "axis": "z", "origin": [7.5, 8.5, 3.5]},
			"faces": {
				"north": {"uv": [5, 8, 6, 11], "texture": "#1"},
				"east": {"uv": [6, 0, 8, 3], "texture": "#1"},
				"south": {"uv": [9, 0, 10, 3], "texture": "#1"},
				"west": {"uv": [6, 3, 8, 6], "texture": "#1"},
				"up": {"uv": [11, 2, 10, 0], "texture": "#1"},
				"down": {"uv": [11, 2, 10, 4], "texture": "#1"}
			}
		},
		{
			"from": [9, 6.5, 2.4],
			"to": [9.9, 7.5, 4.5],
			"rotation": {"angle": -22.5, "axis": "x", "origin": [7.5, 9, 1]},
			"faces": {
				"north": {"uv": [9, 3, 10, 4], "texture": "#1"},
				"east": {"uv": [3, 10, 5, 11], "texture": "#1"},
				"south": {"uv": [4, 11, 5, 12], "texture": "#1"},
				"west": {"uv": [10, 4, 12, 5], "texture": "#1"},
				"up": {"uv": [11, 7, 10, 5], "texture": "#1"},
				"down": {"uv": [11, 7, 10, 9], "texture": "#1"}
			}
		},
		{
			"from": [7, 7.5, 3],
			"to": [8, 11.5, 5],
			"rotation": {"angle": 22.5, "axis": "z", "origin": [7.5, 12.5, 0.5]},
			"faces": {
				"north": {"uv": [8, 0, 9, 4], "texture": "#1"},
				"east": {"uv": [0, 0, 2, 4], "texture": "#1"},
				"south": {"uv": [2, 8, 3, 12], "texture": "#1"},
				"west": {"uv": [2, 0, 4, 4], "texture": "#1"},
				"up": {"uv": [9, 12, 8, 10], "texture": "#1"},
				"down": {"uv": [10, 10, 9, 12], "texture": "#1"}
			}
		},
		{
			"from": [6.5, 8, 2.9],
			"to": [7.5, 11, 5],
			"rotation": {"angle": -45, "axis": "z", "origin": [7.5, 10, 0.5]},
			"faces": {
				"north": {"uv": [6, 9, 7, 12], "texture": "#1"},
				"east": {"uv": [6, 6, 8, 9], "texture": "#1"},
				"south": {"uv": [7, 9, 8, 12], "texture": "#1"},
				"west": {"uv": [0, 8, 2, 11], "texture": "#1"},
				"up": {"uv": [11, 11, 10, 9], "texture": "#1"},
				"down": {"uv": [1, 11, 0, 13], "texture": "#1"}
			}
		},
		{
			"from": [5.5, 6, 3],
			"to": [6.5, 8, 5],
			"rotation": {"angle": -22.5, "axis": "x", "origin": [7.5, 8.5, 1]},
			"faces": {
				"north": {"uv": [11, 0, 12, 2], "texture": "#1"},
				"east": {"uv": [3, 8, 5, 10], "texture": "#1"},
				"south": {"uv": [1, 11, 2, 13], "texture": "#1"},
				"west": {"uv": [8, 4, 10, 6], "texture": "#1"},
				"up": {"uv": [12, 4, 11, 2], "texture": "#1"},
				"down": {"uv": [4, 11, 3, 13], "texture": "#1"}
			}
		},
		{
			"from": [6.5, 6.5, 4.15],
			"to": [8.9, 10.5, 5.75],
			"rotation": {"angle": -22.5, "axis": "x", "origin": [7.5, 8.5, 5.25]},
			"faces": {
				"north": {"uv": [0, 4, 2, 8], "texture": "#1"},
				"east": {"uv": [4, 0, 6, 4], "texture": "#1"},
				"south": {"uv": [2, 4, 4, 8], "texture": "#1"},
				"west": {"uv": [4, 4, 6, 8], "texture": "#1"},
				"up": {"uv": [10, 8, 8, 6], "texture": "#1"},
				"down": {"uv": [10, 8, 8, 10], "texture": "#1"}
			}
		},
		{
			"from": [-2, 6.5, 2.9],
			"to": [-1, 9.5, 5],
			"rotation": {"angle": 45, "axis": "z", "origin": [0.5, 8.5, 3.5]},
			"faces": {
				"north": {"uv": [6, 8, 5, 11], "texture": "#1"},
				"east": {"uv": [8, 3, 6, 6], "texture": "#1"},
				"south": {"uv": [10, 0, 9, 3], "texture": "#1"},
				"west": {"uv": [8, 0, 6, 3], "texture": "#1"},
				"up": {"uv": [10, 2, 11, 0], "texture": "#1"},
				"down": {"uv": [10, 2, 11, 4], "texture": "#1"}
			}
		},
		{
			"from": [-1.9, 6.5, 2.4],
			"to": [-1, 7.5, 4.5],
			"rotation": {"angle": -22.5, "axis": "x", "origin": [0.5, 9, 1]},
			"faces": {
				"north": {"uv": [10, 3, 9, 4], "texture": "#1"},
				"east": {"uv": [12, 4, 10, 5], "texture": "#1"},
				"south": {"uv": [5, 11, 4, 12], "texture": "#1"},
				"west": {"uv": [5, 10, 3, 11], "texture": "#1"},
				"up": {"uv": [10, 7, 11, 5], "texture": "#1"},
				"down": {"uv": [10, 7, 11, 9], "texture": "#1"}
			}
		},
		{
			"from": [0, 7.5, 3],
			"to": [1, 11.5, 5],
			"rotation": {"angle": -22.5, "axis": "z", "origin": [0.5, 12.5, 0.5]},
			"faces": {
				"north": {"uv": [9, 0, 8, 4], "texture": "#1"},
				"east": {"uv": [4, 0, 2, 4], "texture": "#1"},
				"south": {"uv": [3, 8, 2, 12], "texture": "#1"},
				"west": {"uv": [2, 0, 0, 4], "texture": "#1"},
				"up": {"uv": [8, 12, 9, 10], "texture": "#1"},
				"down": {"uv": [9, 10, 10, 12], "texture": "#1"}
			}
		},
		{
			"from": [0.5, 8, 2.9],
			"to": [1.5, 11, 5],
			"rotation": {"angle": 45, "axis": "z", "origin": [0.5, 10, 0.5]},
			"faces": {
				"north": {"uv": [7, 9, 6, 12], "texture": "#1"},
				"east": {"uv": [2, 8, 0, 11], "texture": "#1"},
				"south": {"uv": [8, 9, 7, 12], "texture": "#1"},
				"west": {"uv": [8, 6, 6, 9], "texture": "#1"},
				"up": {"uv": [10, 11, 11, 9], "texture": "#1"},
				"down": {"uv": [0, 11, 1, 13], "texture": "#1"}
			}
		},
		{
			"from": [1.5, 6, 3],
			"to": [2.5, 8, 5],
			"rotation": {"angle": -22.5, "axis": "x", "origin": [0.5, 8.5, 1]},
			"faces": {
				"north": {"uv": [12, 0, 11, 2], "texture": "#1"},
				"east": {"uv": [10, 4, 8, 6], "texture": "#1"},
				"south": {"uv": [2, 11, 1, 13], "texture": "#1"},
				"west": {"uv": [5, 8, 3, 10], "texture": "#1"},
				"up": {"uv": [11, 4, 12, 2], "texture": "#1"},
				"down": {"uv": [3, 11, 4, 13], "texture": "#1"}
			}
		},
		{
			"from": [-0.9, 6.5, 4.15],
			"to": [1.5, 10.5, 5.75],
			"rotation": {"angle": -22.5, "axis": "x", "origin": [0.5, 8.5, 5.25]},
			"faces": {
				"north": {"uv": [2, 4, 0, 8], "texture": "#1"},
				"east": {"uv": [6, 4, 4, 8], "texture": "#1"},
				"south": {"uv": [4, 4, 2, 8], "texture": "#1"},
				"west": {"uv": [6, 0, 4, 4], "texture": "#1"},
				"up": {"uv": [8, 8, 10, 6], "texture": "#1"},
				"down": {"uv": [8, 8, 10, 10], "texture": "#1"}
			}
		}
	],
	"display": {
		"thirdperson_righthand": {
			"rotation": [35, 0, 0],
			"translation": [2, 0, 1.75],
			"scale": [0.5, 0.5, 0.5]
		},
		"thirdperson_lefthand": {
			"rotation": [36, 0, 0],
			"translation": [-2.25, 0, 1.75],
			"scale": [0.5, 0.5, 0.5]
		},
		"firstperson_righthand": {
			"translation": [5.5, 0, 1]
		},
		"firstperson_lefthand": {
			"translation": [0.75, 0, 0]
		},
		"ground": {
			"translation": [4, -1.5, 3.75]
		},
		"gui": {
			"rotation": [0, 147, 0],
			"translation": [-1.75, 0, 0],
			"scale": [1.4, 1.4, 1.4]
		},
		"head": {
			"translation": [6.25, 6.5, 4],
			"scale": [1.5, 1.5, 1.5]
		},
		"fixed": {
			"rotation": [-90, 0, 0],
			"translation": [6, 4.5, -2],
			"scale": [1.5, 1.5, 1.5]
		}
	},
	"groups": [
		{
			"name": "Lear",
			"origin": [0.5, 8, 5.25],
			"color": 0,
			"children": [0, 1, 2, 3, 4, 5]
		},
		{
			"name": "Rear",
			"origin": [0.5, 8, 5.25],
			"color": 0,
			"children": [6, 7, 8, 9, 10, 11]
		}
	]
}